Player,Span,Matches,Innings,Runs,Average,highestscore,100s,50s
SR Tendulkar (IND),1989-2013,664,782,34357,48.52,248*,100,164
KC Sangakkara (Asia/ICC/SL),2000-2015,594,666,28016,46.77,319,63,153
V Kohli (IND),2008-2025,556,623,27975,52.58,254*,84,145
RT Ponting (AUS/ICC),1995-2012,560,668,27483,45.95,257,71,146
DPMD Jayawardene (Asia/SL),1997-2015,652,725,25957,39.15,374,54,136
JH Kallis (Afr/ICC/SA),1995-2014,519,617,25534,49.1,224,62,149
R Dravid (Asia/ICC/IND),1996-2012,509,605,24208,45.41,270,48,146
BC Lara (ICC/WI),1990-2007,430,521,22358,46.28,400*,53,111
JE Root (ENG),2012-2026,381,503,22166,49.36,262,60,114
ST Jayasuriya (Asia/SL),1989-2011,586,651,21032,34.14,340,42,103
S Chanderpaul (WI),1994-2015,454,553,20988,45.72,203*,41,125
Inzamam-ul-Haq (Asia/ICC/PAK),1991-2007,499,551,20580,43.32,329,35,129
RG Sharma (IND),2007-2025,505,538,20048,42.47,264,50,111
AB de Villiers (Afr/SA),2004-2018,420,484,20014,48.11,278*,47,109
CH Gayle (ICC/WI),1999-2021,483,551,19593,37.97,333,42,105
KS Williamson (NZ),2010-2025,376,449,19292,48.35,251,48,103
DA Warner (AUS),2009-2024,383,474,18995,42.39,335*,49,98
HM Amla (SA/World),2004-2019,349,437,18672,46.56,311*,55,88
SC Ganguly (Asia/IND),1992-2008,424,488,18575,41.46,239,38,107
SR Waugh (AUS),1985-2004,493,548,18496,41.65,200,35,95
LRPL Taylor (NZ/Samoa),2006-2025,454,513,18244,42.62,290,40,93
Younis Khan (PAK),2000-2017,408,491,17790,39.88,313,41,83
AR Border (AUS),1978-1994,429,517,17698,40.77,205,30,102
TM Dilshan (SL),1999-2016,497,527,17671,38.16,193,39,83
SPD Smith (AUS),2010-2026,360,429,17657,47.72,239,49,84
Mohammad Yousuf (Asia/PAK),1998-2010,381,432,17300,45.52,223,39,97
MS Dhoni (Asia/IND),2004-2019,538,526,17266,44.96,224,16,108
V Sehwag (Asia/ICC/IND),1999-2013,374,443,17253,40.31,319,38,72
GC Smith (Afr/ICC/SA),2002-2014,347,432,17236,42.34,277,37,90
MJ Clarke (AUS),2003-2015,394,449,17112,45.26,329*,36,86
ME Waugh (AUS),1988-2002,372,445,16529,40.51,173,38,97
Javed Miandad (PAK),1975-1996,357,407,16213,46.99,280*,31,93
DL Haynes (WI),1978-1994,354,439,16135,41.8,184,35,96
Mushfiqur Rahim (BAN),2005-2025,476,533,15805,34.43,219*,22,83
AN Cook (ENG),2006-2018,257,387,15737,42.88,294,38,76
PA de Silva (SL),1984-2003,401,455,15645,37.78,267,31,86
M Azharuddin (IND),1984-2000,433,455,15593,39.77,199,29,79
AD Mathews (SL),2008-2025,435,480,15546,40.59,200*,19,91
AC Gilchrist (AUS/ICC),1996-2008,396,429,15461,38.94,204*,33,81
SP Fleming (ICC/NZ),1994-2008,396,463,15319,35.46,274*,17,95
Babar Azam (PAK),2015-2025,337,378,15296,45.52,196,32,105
IVA Richards (WI),1974-1991,308,349,15261,48.75,291,35,90
Tamim Iqbal (BAN/ICC/World),2007-2023,391,452,15249,35.21,206,25,94
ML Hayden (AUS/ICC),1993-2009,273,348,15066,47.67,380,40,69
Shakib Al Hasan (BAN),2006-2024,447,491,14730,33.86,217,14,100
BB McCullum (NZ),2002-2016,432,474,14676,34.37,302,19,76
HH Gibbs (SA),1996-2010,361,417,14661,37.3,228,35,66
G Kirsten (SA),1993-2004,286,361,14087,43.07,275,34,79
MS Atapattu (SL),1990-2007,360,416,14036,38.03,249,27,76
KP Pietersen (ENG/ICC),2004-2014,277,342,13797,44.07,227,32,67
MJ Guptill (NZ),2009-2022,367,402,13463,35.9,237*,23,76
DC Boon (AUS),1984-1996,288,367,13386,40.44,200,26,69
IR Bell (ENG),2004-2015,287,370,13331,40.27,235,26,82
SM Gavaskar (IND),1971-1987,233,316,13214,46.2,236*,35,72
Q de Kock (SA),2012-2025,315,351,13194,40.22,178,30,72
GA Gooch (ENG),1975-1995,243,337,13190,40.58,333,28,69
AJ Stewart (ENG),1989-2003,303,397,13140,36.29,190,19,73
Saleem Malik (PAK),1982-1999,386,410,12938,36.96,237,20,76
Saeed Anwar (PAK),1989-2003,302,335,12876,41,194,31,68
Mohammad Hafeez (PAK),2003-2021,392,429,12780,32.51,224,21,64
CG Greenidge (WI),1974-1991,236,312,12692,44.84,226,30,65
A Ranatunga (SL),1982-2000,362,410,12561,35.78,135*,8,87
MEK Hussey (AUS),2004-2013,302,324,12398,49,195,22,72
JC Buttler (ENG),2011-2025,397,401,12239,35.99,162*,14,75
RB Richardson (WI),1983-1996,310,363,12197,37.99,194,21,71
RR Sarwan (WI),2000-2013,286,339,11944,40.48,291,20,71
Shoaib Malik (ICC/PAK),1999-2021,446,429,11867,33.9,245,12,61
NJ Astle (NZ),1995-2007,308,358,11866,35.63,222,27,65
BKG Mendis (SL),2015-2026,320,379,11808,33.16,245,16,73
Yuvraj Singh (Asia/IND),2000-2017,402,391,11778,35.05,169,17,71
JM Bairstow (ENG),2011-2024,287,348,11581,37.11,167*,23,53
A Flower (ZIM),1992-2003,276,320,11580,40.63,232*,16,82
CL Hooper (WI),1987-2003,329,379,11523,35.89,233,20,56
DI Gower (ENG),1978-1992,231,315,11401,39.44,215,25,51
AJ Strauss (ENG),2003-2012,231,308,11315,38.48,177,27,54
LD Chandimal (SL),2010-2025,316,365,11281,35.03,206*,20,64
BA Stokes (ENG),2011-2026,277,351,11264,35.42,258,19,62
TWM Latham (NZ),2012-2025,280,337,11241,36.37,264*,24,60
F du Plessis (SA/World),2011-2021,262,304,11198,42.57,199,23,66
Shahid Afridi (Asia/ICC/PAK),1996-2018,524,508,11196,23.92,156,11,51
MN Samuels (WI),2000-2018,345,388,11134,32.27,260,17,64
Misbah-ul-Haq (PAK),2001-2017,276,315,11132,44.35,161*,10,84
VVS Laxman (IND),1996-2012,220,308,11119,41.64,281,23,66
Mahmudullah (BAN),2007-2025,430,433,11047,31.83,150*,9,56
MA Taylor (AUS),1989-1999,217,296,11039,39.14,334*,20,68
SR Watson (AUS),2002-2016,307,334,10950,36.74,185*,14,67
S Dhawan (IND),2010-2022,269,288,10867,39.66,190,24,55
EJG Morgan (ENG/IRE),2006-2022,379,361,10859,35.6,148,16,64
MV Boucher (Afr/ICC/SA),1997-2012,467,448,10469,29,147*,6,61
DB Vengsarkar (IND),1976-1992,245,305,10376,39.3,166,18,58
ME Trescothick (ENG),2000-2006,202,268,10326,40.97,219,26,52
G Gambhir (IND),2003-2016,242,283,10324,38.95,206,20,63
PR Stirling (IRE),2008-2025,336,335,10324,32.16,177,16,58
BRM Taylor (ZIM),2004-2025,301,332,10292,33.52,171,18,57
MD Crowe (NZ),1982-1995,220,271,10148,41.93,299,21,52
GW Flower (ZIM),1992-2010,288,337,10028,32.03,201*,12,55
PD Collingwood (ENG/World),2001-2017,301,329,9934,35.47,206,15,49
Ijaz Ahmed (PAK),1986-2001,310,324,9879,33.94,211,22,49
DR Martyn (AUS),1992-2006,279,295,9872,42.92,165,18,61
SD Hope (WI),2015-2025,252,287,9776,38.48,170,24,45
DM Jones (AUS),1984-1994,216,250,9699,45.32,216,18,60
H Masakadza (ZIM),2001-2019,313,350,9543,27.9,178*,10,53
KL Rahul (IND),2014-2025,230,269,9536,40.06,199,20,62
MA Atherton (ENG),1989-2001,169,266,9519,37.18,185*,18,58
CH Lloyd (WI),1966-1985,197,244,9492,44.98,242*,20,50
GS Chappell (AUS),1970-1984,161,223,9441,49.68,247*,27,45
WJ Cronje (SA),1992-2000,256,286,9279,37.71,135,8,62
JG Wright (NZ),1978-1993,231,296,9225,32.03,185,13,47
G Boycott (ENG),1964-1982,144,227,9196,45.98,246*,23,51
JP Duminy (SA),2004-2019,326,328,9154,36.18,166,10,46
GP Thorpe (ENG),1993-2005,182,256,9124,42.43,200*,16,60
WU Tharanga (Asia/SL),2005-2019,292,307,9112,31.86,174*,18,45
N Kapil Dev (IND),1978-1994,356,382,9031,27.53,175*,9,41
Azhar Ali (PAK),2010-2022,150,233,8987,41.03,302*,22,47
SC Williams (ZIM),2005-2025,273,290,8968,34.75,174,14,56
AJ Finch (AUS),2011-2022,254,255,8804,36.68,172,19,51
TM Head (AUS),2016-2026,191,232,8796,40.91,175,19,42
Sikandar Raza (ZIM),2013-2025,302,308,8793,31.97,141,9,51
Mohammad Rizwan (PAK),2015-2025,247,253,8734,43.23,171*,8,61
Ramiz Raja (PAK),1984-1997,255,291,8674,32,122,11,53
AJ Lamb (ENG),1982-1992,201,257,8666,37.51,142,18,44
FDM Karunaratne (SL),2011-2025,150,237,8538,37.77,244,17,50
JN Rhodes (SA),1992-2003,297,300,8467,35.27,121,5,50
DJ Cullinan (SA),1993-2001,208,248,8414,38.24,275*,17,43
AM Rahane (IND),2011-2023,195,251,8414,35.95,188,15,51
Litton Das (BAN),2015-2025,267,302,8341,29.06,176,10,47
HP Tillakaratne (SL),1986-2004,283,299,8334,35.61,204*,13,33
CL Cairns (ICC/NZ),1989-2006,279,299,8273,30.75,158,9,48
N Hussain (ENG),1989-2004,184,258,8096,34.89,207,15,49
ADR Campbell (ZIM),1992-2003,248,293,8043,29.24,131*,9,48
GS Sobers (WI),1954-1974,94,161,8032,57.37,365*,26,30
UT Khawaja (AUS),2011-2026,137,207,8024,42.01,232,18,41
CD McMillan (NZ),1997-2007,260,281,8010,31.53,142,9,48
SK Raina (IND),2005-2018,322,291,7988,32.87,120,7,48
JL Langer (AUS),1993-2007,113,189,7856,44.89,250,23,30
RS Mahanama (SL),1986-1999,265,287,7738,29.42,225,8,46
MP Vaughan (ENG),1999-2008,170,232,7728,36.28,197,18,34
MG Bevan (AUS),1994-2004,250,226,7697,49.33,108*,6,52
Zaheer Abbas (PAK),1969-1985,140,184,7634,45.71,274,19,33
MC Cowdrey (ENG),1954-1975,115,189,7625,43.82,182,22,38
NS Sidhu (IND),1983-1999,187,205,7615,39.05,201,15,48
Aamer Sohail (PAK),1990-2000,203,238,7603,33.05,205,10,44
Imran Khan (PAK),1971-1992,263,277,7516,35.45,136,7,37
AK Markram (SA),2017-2025,202,236,7477,34.45,175,12,37
RA Jadeja (IND),2009-2025,370,313,7472,34.27,175*,6,41
Abdul Razzaq (Asia/PAK),1996-2013,343,334,7419,28.75,134,6,30
SM Pollock (Afr/ICC/SA),1995-2008,423,370,7386,28.73,130,3,30
A Flintoff (ENG/ICC),1998-2009,227,259,7315,31.39,167,8,44
IT Botham (ENG),1976-1992,218,267,7313,29.72,208,14,31
MR Marsh (AUS),2011-2025,226,251,7264,33.16,181,8,40
WR Hammond (ENG),1927-1947,85,140,7249,58.45,336*,22,24
CA Pujara (IND),2010-2023,108,181,7246,42.62,206*,19,35
DA Miller (SA/World),2010-2025,311,271,7241,38.31,139,9,32
GA Hick (ENG),1991-2001,185,232,7229,34.26,178,11,45
GR Marsh (AUS),1985-1992,167,208,7211,36.97,138,13,37
GJ Maxwell (AUS),2012-2025,282,265,7164,31.42,201*,10,35
DM Bravo (WI),2009-2022,204,241,7052,32.2,218,12,35
DG Bradman (AUS),1928-1948,52,80,6996,99.94,334,29,13
DL Vettori (ICC/NZ),1997-2015,442,383,6989,23.53,140,6,27
CR Ervine (ZIM),2010-2025,230,255,6980,29.95,160,8,39
L Hutton (ENG),1937-1955,79,138,6971,56.67,364,19,33
RJ Shastri (IND),1981-1992,230,249,6938,32.42,206,15,30
A Symonds (AUS),1998-2009,238,213,6887,40.27,162*,8,42
Kamran Akmal (PAK),2002-2017,268,283,6871,26.73,158*,11,27
DM de Silva (SL),2015-2026,201,242,6855,31.3,173,12,32
KF Barrington (ENG),1955-1968,82,131,6806,58.67,256,20,35
IJL Trott (ENG),2007-2015,127,165,6792,45.89,226,13,42
BJ Haddin (AUS),2001-2015,226,256,6790,30.72,169,6,34
Mudassar Nazar (PAK),1976-1989,198,231,6767,31.76,231,10,33
MDKJ Perera (SL),2013-2025,231,243,6726,29.11,153*,9,40
MM Ali (ENG),2014-2024,298,305,6678,25.2,155*,8,28
Mohammad Ashraful (Asia/BAN),2001-2013,261,311,6655,22.71,190,9,30
RA Smith (ENG),1988-1996,133,182,6655,41.85,175,13,43
SB Styris (NZ),1999-2011,248,238,6647,31.8,170,9,35
Wasim Akram (PAK),1984-2003,460,427,6615,18.73,257*,3,13
M Labuschagne (AUS),2018-2026,130,173,6567,41.04,215,13,37
Shubman Gill (IND),2019-2025,134,167,6530,44.42,269,19,26
GR Viswanath (IND),1969-1983,116,178,6519,39.03,222,14,37
T Bavuma (SA),2014-2025,157,202,6515,36.39,172,9,35
MW Gatting (ENG),1977-1995,171,226,6504,33.35,207,11,30
P Nissanka (SL),2021-2026,172,184,6485,37.48,210*,12,42
DJ Bravo (WI),2004-2021,295,286,6423,26.32,113,5,27
Fakhar Zaman (PAK),2017-2026,210,203,6418,33.6,210*,11,34
RB Kanhai (WI),1957-1975,86,142,6391,47.69,256,15,30
KJ Hughes (AUS),1977-1985,167,212,6383,31.91,213,9,39
AP Gurusinha (SL),1985-1996,188,213,6354,31.61,143,9,30
TT Samaraweera (SL),1998-2013,134,174,6324,44.22,231,16,30
M Amarnath (IND),1969-1989,154,188,6302,37.96,138,13,37
MJ Slater (AUS),1993-2001,116,173,6299,38.17,219,14,30
KC Brathwaite (WI),2011-2025,110,203,6228,32.26,212,12,32
Mohammad Nabi (AFG),2009-2025,324,295,6212,24.84,136,2,25
A Balbirnie (IRE),2010-2025,239,240,6204,27.33,145*,9,34
Asad Shafiq (PAK),2010-2020,147,196,6188,33.26,137,12,36
DJ Mitchell (NZ),2019-2025,181,186,6187,39.66,190,12,34
AC Parore (NZ),1990-2002,257,289,6179,25.96,110,3,28
Sarfaraz Ahmed (PAK),2007-2023,232,228,6164,34.24,118,6,35
KC Wessels (AUS/SA),1982-1994,149,176,6155,37.07,179,7,41
K Srikkanth (IND),1981-1992,189,217,6153,29.3,123,6,39
RN Harvey (AUS),1948-1963,79,137,6149,48.41,205,21,24
IA Healy (AUS),1988-1999,287,302,6120,25.18,161*,4,26
JO Holder (WI),2013-2025,293,299,6056,25.66,202*,3,26
IM Chappell (AUS),1964-1980,91,152,6018,42.98,196,14,34
Moin Khan (PAK),1990-2004,288,287,6007,25.23,137,4,27
JJ Roy (ENG),2014-2023,185,184,5980,33.22,180,12,30
RD Berrington (SCOT),2008-2025,235,218,5935,32.43,127,7,31
A Jadeja (IND),1992-2000,211,203,5935,35.96,119,6,34
Umar Akmal (PAK),2009-2019,221,219,5887,31.65,129,3,34
KD Walters (AUS),1965-1981,102,149,5870,45.5,250,15,35
KJ O'Brien (IRE),2006-2021,266,250,5850,26.47,142,4,24
DP Conway (NZ),2020-2025,134,155,5823,41.89,227,12,30
DCS Compton (ENG),1937-1957,78,131,5807,50.06,278,17,28
E Chigumbura (Afr/ZIM),2004-2020,284,281,5802,23.58,117,2,26
RP Arnold (SL),1997-2007,225,225,5778,32.46,123,4,38
D Ramdin (WI),2005-2019,284,286,5734,24.5,169,6,24
AH Jones (NZ),1987-1995,126,161,5706,39.62,186,7,36
RS Kaluwitharana (SL),1990-2004,238,259,5644,23.41,132*,5,32
KR Rutherford (NZ),1985-1995,177,214,5608,28.46,108,5,36
GM Wood (AUS),1978-1989,142,189,5593,32.51,172,12,24
SM Katich (AUS),2001-2010,104,143,5581,42.28,157,11,34
HDRL Thirimanne (SL),2010-2022,197,211,5573,29.48,155*,7,31
RR Pant (IND),2017-2025,156,179,5556,34.94,159*,9,26
WW Hinds (WI),1999-2010,169,196,5518,29.98,213,10,28
MJ Prior (ENG),2004-2014,157,193,5508,34.21,131*,7,31
L Klusener (SA),1996-2004,220,206,5482,37.8,174,6,27
WTS Porterfield (IRE),2006-2022,212,210,5480,27.26,139,11,23
Mominul Haque (BAN),2012-2025,109,169,5476,34.87,181,13,28
D Elgar (SA),2012-2024,94,159,5451,37.08,199,14,23
HM Nicholls (NZ),2015-2025,149,178,5441,35.79,200*,11,27
JB Hobbs (ENG),1908-1930,61,102,5410,56.94,211,15,28
JH Edrich (ENG),1963-1976,84,133,5361,43.23,310*,12,26
HC Brook (ENG),2022-2026,122,139,5360,43.57,317,12,26
SE Marsh (AUS),2008-2019,126,155,5293,35.76,182,13,25
AL Logie (WI),1981-1993,210,211,5279,31.8,130,3,30
PJL Dujon (WI),1981-1991,250,235,5267,28.01,139,5,22
WM Lawry (AUS),1961-1971,68,124,5261,46.97,210,13,27
AI Kallicharran (WI),1972-1981,97,137,5225,42.47,187,12,27
JC Adams (WI),1992-2001,181,195,5216,34.77,208*,6,28
Salman Butt (PAK),2003-2010,135,163,5209,33.17,136,11,27
T Taibu (Afr/ZIM),2001-2012,195,206,5198,29.53,153,3,34
Habibul Bashar (BAN),1995-2008,161,204,5194,26.23,113,3,38
SL Campbell (WI),1994-2002,142,180,5165,29.34,208,6,32
CZ Harris (NZ),1990-2004,273,255,5156,27.28,130,1,21
WPUJC Vaas (Asia/SL),1994-2009,439,384,5147,18.64,100*,1,14
HH Dippenaar (Afr/SA),1999-2007,146,158,5140,36.97,177*,7,33
AD Hales (ENG),2011-2022,156,163,5066,33.32,171,7,31
Ahmed Shehzad (PAK),2009-2019,153,165,5058,31.41,176,10,25
Rahmat Shah (AFG),2013-2025,137,142,5007,36.81,234,8,37
Najmul Hossain Shanto (BAN),2017-2025,147,178,4990,29.7,163,11,19
HE van der Dussen (SA),2018-2025,146,150,4968,39.74,134,6,33
ND McKenzie (SA),2000-2009,124,150,4948,37.48,226,7,26
HH Streak (Afr/ZIM),1993-2005,254,266,4933,25.55,127*,1,24
HG Munsey (SCOT),2015-2025,151,148,4932,37.08,191,5,31
GJ Whittall (ZIM),1993-2003,193,224,4912,25.18,203*,4,21
RB Simpson (AUS),1957-1978,64,113,4905,46.27,311,10,27
TW Graveney (ENG),1951-1969,79,123,4882,44.38,258,11,20
Muhammad Waseem (UAE),2021-2025,156,156,4882,32.33,119,4,34
DS Lehmann (AUS),1996-2005,144,143,4876,40.97,177,9,27
Sir RJ Hadlee (NZ),1973-1990,201,232,4875,24.87,151*,2,19
Imam-ul-Haq (PAK),2017-2025,103,126,4860,42.26,157,12,30
RW Marsh (AUS),1970-1984,188,226,4858,24.53,132,3,20
AT Carey (AUS),2018-2026,175,179,4845,31.66,156,4,26
Mohammad Shahzad (AFG),2009-2023,159,161,4844,31.25,131*,7,26
N Dickwella (SL),2014-2023,137,175,4841,29.16,116,2,32
BM Duckett (ENG),2016-2026,94,131,4838,38.7,182,9,27
SS Iyer (IND),2017-2025,138,138,4832,40.6,128*,6,36
IR Redpath (AUS),1964-1976,71,125,4783,41.95,171,8,31
Majid Khan (PAK),1964-1983,86,128,4717,38.66,167,9,26
JDP Oram (NZ),2001-2012,229,205,4688,27.09,133,6,21
AG Prince (Afr/SA),2002-2011,119,146,4688,39.72,162*,11,14
KJ Coetzer (SCOT),2008-2023,159,155,4687,31.66,156,5,27
MS Wade (AUS),2011-2024,225,214,4682,27.38,117,5,19
PV Simmons (WI),1987-1999,169,185,4677,27.19,122,6,22
RC Fredericks (WI),1968-1977,71,121,4645,40.74,169,9,27
Soumya Sarkar (BAN),2014-2025,182,190,4631,25.44,169,4,23
APE Knott (ENG),1967-1981,115,163,4589,31.86,135,5,31
GM Turner (NZ),1969-1983,82,113,4589,45.43,259,10,23
HA Gomes (WI),1976-1987,143,155,4586,35.55,143,10,19
Mohsin Khan (PAK),1977-1986,123,154,4586,32.06,200,9,17
AC Hudson (SA),1991-1998,124,151,4566,31.06,163,6,31
H Sutcliffe (ENG),1924-1935,54,84,4555,60.73,194,16,23
JV Coney (NZ),1974-1987,140,165,4542,34.4,174*,3,24
PBH May (ENG),1951-1961,66,106,4537,46.77,285*,13,22
ER Dexter (ENG),1958-1968,62,102,4502,47.89,205,9,27
M Vijay (IND),2008-2018,87,130,4490,34.8,167,12,16
DL Amiss (ENG),1966-1977,68,106,4471,46.57,262*,15,12
MP O'Dowd (NED),2015-2025,152,148,4462,32.56,158*,2,31
ED Weekes (WI),1948-1958,48,81,4455,58.61,207,15,19
RD Jacobs (WI),1996-2004,212,224,4442,25.97,118,3,23
HH Pandya (IND),2016-2025,229,183,4438,30.6,108,1,22
DJ Malan (ENG),2017-2023,114,129,4416,37.74,140,8,32
BJ Watling (NZ),2009-2021,108,146,4401,34.38,205,8,24
R Ashwin (IND),2010-2024,287,233,4394,23.62,124,6,15
Mehidy Hasan Miraz (BAN),2016-2025,204,214,4382,23.3,112*,4,16
NV Knight (ENG),1995-2003,117,130,4356,36.3,125*,6,29
SV Carlisle (ZIM),1995-2005,148,173,4355,27.38,121*,5,17
Imrul Kayes (BAN),2008-2019,131,167,4350,26.68,150,7,20
RL Chase (WI),2016-2025,175,197,4335,24.63,137*,5,21
SCJ Broad (ENG),2006-2023,344,338,4309,16.44,169,1,13
MA Butcher (ENG),1997-2004,71,131,4288,34.58,173*,8,23
KA Pollard (WI),2007-2022,224,196,4275,25.75,119,3,19
CS MacLeod (SCOT),2008-2022,152,147,4264,32.54,175,10,20
N Pooran (WI),2016-2024,167,155,4258,31.08,118,3,24
Asghar Afghan (AFG),2009-2021,195,186,4246,24.83,164,2,19
MJ Greatbatch (NZ),1988-1996,125,154,4227,29.35,146*,5,23
Imran Farhat (PAK),2001-2013,105,142,4195,30.39,128,4,27
SK Warne (AUS/ICC),1992-2007,339,306,4172,16.04,99,0,13
KIC Asalanka (SL),2021-2026,154,147,4122,31.95,127,5,23
V Sibanda (Afr/ZIM),2003-2016,167,180,4096,23.4,116,2,24
HT Tector (IRE),2019-2025,153,149,4083,31.89,140,5,26
E Lewis (WI),2016-2025,135,131,4061,33.28,176*,7,25
Rahmanullah Gurbaz (AFG),2019-2025,134,136,4052,30.01,151,9,18
SV Manjrekar (IND),1987-1996,111,131,4037,35.1,218,5,24
KWR Fletcher (ENG),1968-1982,83,118,4029,39.89,216,8,24
Ibrahim Zadran (AFG),2019-2025,105,113,4029,39.11,177,7,26
MG Erasmus (NAM),2019-2025,140,135,4011,35.18,125,3,30
RS Bopara (ENG),2007-2015,171,163,3981,30.38,143,4,17
Shoaib Mohammad (PAK),1983-1995,108,126,3974,35.16,203*,8,21
L Vincent (NZ),2001-2007,134,148,3919,28.6,224,6,20
Hanif Mohammad (PAK),1952-1969,55,97,3915,43.98,337,12,15
GP Howarth (NZ),1975-1985,117,148,3915,28.36,147,6,17
Asif Iqbal (PAK),1964-1980,68,107,3905,39.84,175,11,17
Najibullah Zadran (AFG),2012-2024,199,179,3890,29.24,104*,1,23
AW Greig (ENG),1972-1977,80,112,3868,36.83,148,8,20
FMM Worrell (WI),1948-1963,51,87,3860,49.48,261,9,22
Mushtaq Mohammad (PAK),1959-1979,67,109,3852,38.9,201,10,20
GD Phillips (NZ),2017-2025,144,139,3816,33.47,108,3,20
JA Rudolph (Afr/SA),2003-2012,94,123,3802,35.53,222*,6,18
CL Walcott (WI),1948-1960,44,74,3798,56.68,220,15,14
BE Congdon (NZ),1965-1978,72,123,3786,33.5,176,8,21
CO Obuya (KENYA),2001-2024,179,159,3786,27.43,98*,0,20
Z Crawley (ENG),2019-2026,72,125,3785,31.02,267,5,23
DJG Sammy (WI/World),2004-2017,232,220,3781,22.24,106,1,14
SO Tikolo (Afr/KENYA),1996-2014,150,145,3773,29.02,111,3,26
BA Edgar (NZ),1978-1986,103,132,3772,30.66,161,4,22
LMP Simmons (WI),2006-2021,144,148,3763,27.87,122,2,25
NLTC Perera (ICC/SL/World),2009-2021,256,217,3745,20.92,140,1,14
OJ Pope (ENG),2018-2025,64,113,3732,34.55,205,9,16
CR Woakes (ENG),2011-2025,217,204,3705,24.05,137*,1,13
BA Young (NZ),1990-1999,109,141,3702,28.04,267*,2,21
GJ Bailey (AUS/World),2012-2017,125,119,3700,36.63,156,3,25
RK Paudel (NEP),2018-2025,152,144,3637,28.86,126,2,19
PR Umrigar (IND),1948-1962,59,94,3631,42.22,223,12,14
Wasim Raja (PAK),1973-1985,111,137,3603,31.88,125,4,20
MH Cross (SCOT),2013-2025,193,167,3601,23.53,114,2,16
GN Yallop (AUS),1976-1984,69,97,3579,40.67,268,8,16
Harbhajan Singh (Asia/IND),1998-2016,367,286,3569,16,115,2,9
SA Yadav (IND),2021-2025,137,129,3569,32.44,117,4,25
BA King (WI),2019-2025,137,141,3566,26.61,112,3,24
VG Kambli (IND),1991-2000,121,118,3561,37.09,227,6,17
Agha Salman (PAK),2022-2026,111,121,3541,35.76,134,5,23
DW Randall (ENG),1976-1985,96,124,3537,31.02,174,7,17
AR Morris (AUS),1946-1955,46,79,3533,46.48,206,12,12
EH Hendren (ENG),1920-1935,51,83,3525,47.63,205*,7,21
Yasir Hameed (PAK),2003-2010,81,105,3519,34.84,170,5,20
MJ Santner (NZ),2015-2025,278,216,3513,23.89,126,1,9
R Ravindra (NZ),2021-2025,97,106,3499,37.62,240,9,14
SO Hetmyer (WI),2017-2025,142,141,3493,26.26,139,5,15
Shahriar Nafees (BAN),2005-2013,100,124,3493,29.35,138,5,20
RR Hendricks (SA),2014-2025,128,127,3478,28.27,117,2,25
B Mitchell (SA),1929-1949,42,80,3471,48.88,189*,8,21
Taufeeq Umar (PAK),2001-2014,66,105,3467,35.02,236,7,17
KD Karthik (ICC/IND),2004-2022,180,169,3463,27.7,129,1,17
M Prabhakar (IND),1984-1996,169,156,3458,27.44,120,3,20
A Kumble (Asia/IND),1990-2008,403,309,3444,14.97,110*,1,5
JR Reid (NZ),1949-1965,58,108,3428,33.28,142,6,22
C Hill (AUS),1896-1912,49,89,3412,39.21,191,7,19
YBK Jaiswal (IND),2023-2025,55,79,3405,46.01,214*,9,18
GC Wilson (IRE),2007-2020,188,171,3385,22.56,113,1,15
M Kaif (IND),2000-2006,138,132,3377,32.16,148*,3,20
RG Twose (NZ),1995-2001,103,108,3345,35.21,103,1,26
A Vala (PNG),2014-2025,132,129,3339,28.29,104,1,20
SA Edwards (NED),2018-2025,151,137,3334,30.58,99,0,22
Aasif Sheikh (NEP),2021-2025,131,130,3316,27.18,110,1,23
CJ Chibhabha (ZIM),2005-2023,150,154,3316,21.81,99,0,22
Jatinder Singh (OMA),2015-2025,133,132,3309,26.9,118*,4,18
Hashmatullah Shahidi (AFG),2013-2025,110,116,3293,35.4,246,2,24
TG Southee (NZ),2008-2024,394,302,3288,14.11,77*,0,8
KLT Arthurton (WI),1988-1999,138,143,3286,27.84,157*,2,17
FE Woolley (ENG),1909-1934,64,98,3283,36.07,154,5,23
K Bhurtel (NEP),2021-2025,135,132,3261,26.08,115,2,22
WA Young (NZ),2020-2025,95,112,3253,31.27,120,4,23
CC Hunte (WI),1958-1967,44,78,3245,45.06,260,8,13
H Klaasen (SA),2018-2025,122,117,3245,32.45,174,4,16
LJ Tucker (IRE),2016-2025,150,143,3237,25.48,108,1,19
MW Goodwin (ZIM),1998-2000,90,107,3232,32.32,166*,5,16
Khaled Mashud (BAN),1995-2007,170,194,3227,20.55,103*,1,10
JDS Neesham (NZ),2012-2025,181,158,3214,25.91,137*,2,11
VL Manjrekar (IND),1951-1965,55,92,3208,39.12,189*,7,15
MD Patel (USA),2019-2025,114,106,3208,32.4,130,4,24
CL White (AUS),2005-2018,142,128,3202,33.35,105,2,16
DS Airee (NEP),2018-2025,158,142,3197,27.09,110*,2,15
Virandeep Singh (MAS),2019-2025,111,104,3180,37.85,116*,1,23
VT Trumper (AUS),1899-1912,48,89,3163,39.04,214*,8,13
MA Starc (AUS),2010-2026,300,252,3159,17.45,99,0,14
SMH Kirmani (IND),1976-1986,137,155,3132,26.1,102,2,12
KOA Powell (WI),2009-2021,91,128,3130,24.64,134,3,16
MD Shanaka (SL),2015-2026,197,183,3127,20.57,108*,2,11
MG Johnson (AUS),2005-2015,256,217,3125,19.29,123*,1,13
JJ Crowe (NZ),1983-1990,114,136,3119,25.99,128,3,13
Shan Masood (PAK),2013-2025,72,110,3108,29.6,156,6,17
CC McDonald (AUS),1952-1961,47,83,3107,39.32,170,5,17
BF Butcher (WI),1958-1969,44,78,3104,43.11,209*,7,16
GS Blewett (AUS),1995-2000,78,109,3103,30.42,214,4,17
Rashid Latif (PAK),1992-2003,203,174,3090,22.72,150,1,10
JD Ryder (NZ),2008-2014,88,96,3088,33.56,201,6,15
EC Joyce (ENG/IRE),2006-2018,97,94,3074,37.03,160*,6,16
AL Hassett (AUS),1938-1953,43,69,3073,46.56,198*,10,11
NJ O'Brien (IRE),2006-2018,134,131,3065,25.54,109,1,19
Babar Hayat (HKG),2014-2025,122,118,3064,29.74,122,2,20
CG Borde (IND),1958-1969,55,97,3061,35.59,177*,5,18
Nizakat Khan (HKG),2014-2025,140,137,3061,23.91,94,0,15
R Powell (WI),2016-2025,158,142,3047,24.37,107,2,11
C Green (AUS),2020-2026,89,106,3039,34.93,174*,3,15
Javed Omar (BAN),1995-2007,99,139,3032,22.79,119,1,18
KR Stackpole (AUS),1966-1974,49,86,3031,37.41,207,7,17
D Ganga (WI),1998-2008,84,121,3029,25.66,135,3,18
BC Broad (ENG),1984-1989,59,78,3022,39.76,162,7,17
DS Smith (WI),2003-2018,96,127,3022,24.56,108,2,15
MG Burgess (NZ),1968-1981,76,112,3020,28.49,119*,5,14
C Munro (NZ),2012-2020,123,117,3010,27.87,109*,3,19
J Charles (WI),2011-2025,122,121,3005,24.83,130,3,12
TP Ura (PNG),2014-2024,121,120,2997,27,151,2,20
DL Houghton (ZIM),1983-1997,85,96,2994,32.54,266,5,16
Saeed Ahmed (PAK),1958-1973,41,78,2991,40.41,172,5,16
Sadiq Mohammad (PAK),1969-1981,60,93,2962,32.91,166,5,12
Mashrafe Mortaza (Asia/BAN),2001-2020,310,264,2961,13.45,79,0,4
AD Nourse (SA),1935-1951,34,62,2960,53.81,231,9,14
KR Miller (AUS),1946-1956,55,87,2958,36.97,147,7,13
MS Sinclair (NZ),1999-2010,89,108,2939,29.68,214,5,12
HW Taylor (SA),1912-1932,42,76,2936,40.77,176,7,17
RW Chakabva (ZIM),2008-2022,132,149,2931,20.93,102,2,9
J Blackwood (WI),2014-2023,59,105,2921,29.8,112*,3,18
V Aravind (UAE),2019-2025,111,106,2917,29.76,115*,2,15
IDS Smith (NZ),1980-1992,161,165,2870,21.74,173,2,9
WW Armstrong (AUS),1902-1921,50,84,2863,38.68,159*,6,8
RL Dias (SL),1979-1987,78,91,2858,33.62,121,5,19
LRD Mendis (SL),1975-1989,103,117,2856,26.69,124,4,15
RP Burl (ZIM),2017-2025,167,153,2847,24.75,83,0,10
MP Stoinis (AUS),2015-2025,153,130,2833,28.9,146*,1,12
Samiullah Shinwari (AFG),2009-2022,149,130,2824,26.14,96,0,13
MS Chapman (HKG/NZ),2014-2025,132,114,2822,29.7,132,4,14
Imran Nazir (PAK),1999-2012,112,116,2822,24.97,160,4,13
IK Pathan (IND),2003-2012,173,141,2821,26.12,102,1,11
MH Richardson (NZ),2000-2004,42,69,2818,42.69,145,4,19
CB Wishart (ZIM),1995-2005,117,132,2817,22.9,172*,3,10
BM McMillan (SA),1991-1998,116,114,2809,32.66,127,4,13
GH Dockrell (IRE),2010-2025,284,197,2806,21.41,91*,0,8
Haris Sohail (PAK),2013-2023,75,84,2806,36.92,147,4,19
MAK Pataudi (IND),1961-1975,46,83,2793,34.91,203*,6,16
Sabbir Rahman (BAN),2014-2022,125,128,2791,24.48,102,1,14
